{
  "keep cold1": {
    "sounds": [
      "keep cold1"
    ]
  },
  "keep cold2": {
    "sounds": [
      "keep cold2"
    ]
  }
  "keep cold3": {
    "sounds": [
      "keep cold3"
    ]
  }
  "keep cold4": {
    "sounds": [
      "keep cold4"
    ]
  }
  "autumn breeze1": {
    "sounds": [
      "autumn breeze1"
    ]
  }
  "autumn breeze2": {
    "sounds": [
      "autumn breeze2"
    ]
  }
  "autumn breeze3": {
    "sounds": [
      "autumn breeze3"
    ]
  }
  "autumn breeze4": {
    "sounds": [
      "autumn breeze4"
    ]
  },
  "close to you1": {
    "sounds": [
      "close to you1"
    ]
  }
  "close to you2": {
    "sounds": [
      "close to you2"
    ]
  }
  "close to you3": {
    "sounds": [
      "close to you3"
    ]
  }
  "close to you4": {
    "sounds": [
      "close to you4"
    ]
  }
  "close to you5": {
    "sounds": [
      "close to you5"
    ]
  }
  "Gravity1": {
    "sounds": [
      "Gravity1"
    ]
  }
  "Gravity2": {
    "sounds": [
      "Gravity2"
    ]
  },
  "make yourself comfortable1": {
    "sounds": [
      "make yourself comfortable1"
    ]
  }
  "make yourself comfortable2": {
    "sounds": [
      "make yourself comfortable2"
    ]
  }
  "make yourself comfortable3": {
    "sounds": [
      "make yourself comfortable3"
    ]
  }
  "No Christmas for Me1": {
    "sounds": [
      "No Christmas for Me1"
    ]
  }
  "No Christmas for Me2": {
    "sounds": [
      "No Christmas for Me2"
    ]
  }
}